player,player_id,ht_in_in,wt,birth_date,colleges,from_season,to_season,debut,hof,n_seasons,lg,teams,pos,career_g,career_gs,mp_per_game,fg_per_game,fga_per_game,fg_percent,x3p_per_game,x3pa_per_game,x3p_percent,x2p_per_game,x2pa_per_game,x2p_percent,e_fg_percent,ft_per_game,fta_per_game,ft_percent,orb_per_game,drb_per_game,trb_per_game,ast_per_game,stl_per_game,blk_per_game,tov_per_game,pf_per_game,pts_per_game,career_mp,career_fg,career_fga,career_x3p,career_x3pa,career_x2p,career_x2pa,career_ft,career_fta,career_orb,career_drb,career_trb,career_ast,career_stl,career_blk,career_tov,career_pf,career_pts,career_trp_dbl,career_per,career_ts_percent,career_x3p_ar,career_f_tr,career_orb_percent,career_drb_percent,career_trb_percent,career_ast_percent,career_stl_percent,career_blk_percent,career_tov_percent,career_usg_percent,career_ows,career_dws,career_ws,career_ws_48,career_obpm,career_dbpm,career_bpm,career_vorp,career_fg_per_100_poss,career_fga_per_100_poss,career_x3p_per_100_poss,career_x3pa_per_100_poss,career_x2p_per_100_poss,career_x2pa_per_100_poss,career_ft_per_100_poss,career_fta_per_100_poss,career_orb_per_100_poss,career_drb_per_100_poss,career_trb_per_100_poss,career_ast_per_100_poss,career_stl_per_100_poss,career_blk_per_100_poss,career_tov_per_100_poss,career_pf_per_100_poss,career_pts_per_100_poss,career_o_rtg,career_d_rtg,career_pg_percent,career_sg_percent,career_sf_percent,career_pf_percent,career_c_percent,career_on_court_plus_minus_per_100_poss,career_net_plus_minus_per_100_poss,career_bad_pass_turnover,career_lost_ball_turnover,career_shooting_foul_committed,career_offensive_foul_committed,career_shooting_foul_drawn,career_offensive_foul_drawn,career_points_generated_by_assists,career_and1,career_fga_blocked,career_avg_dist_fga,career_percent_fga_from_x0_3_range,career_percent_fga_from_x3_10_range,career_percent_fga_from_x10_16_range,career_percent_fga_from_x16_3p_range,career_percent_fga_from_x3p_range,career_fg_percent_from_x0_3_range,career_fg_percent_from_x3_10_range,career_fg_percent_from_x10_16_range,career_fg_percent_from_x16_3p_range,career_percent_assisted_x2p_fg,career_percent_assisted_x3p_fg,career_percent_dunks_of_fga,career_num_of_dunks,career_percent_corner_3s_of_3pa,career_corner_3_point_percent,career_num_heaves_attempted,career_num_heaves_made,career_CHMP_count,career_FMVP_count,career_all_star_count,career_all_defense_share_mean,career_all_nba_share_mean,career_all_rookie_share_mean,career_all_defense_1st_count,career_all_defense_2nd_count,career_all_defense_ORV_count,career_all_nba_1T_count,career_all_nba_2T_count,career_all_nba_3T_count,career_all_nba_ORV_count,career_all_rookie_1st_count,career_all_rookie_2nd_count,career_all_rookie_ORV_count,career_mvp_winner_count,career_mvp_share_mean,career_roy_winner_count,career_roy_share_sum,career_smoy_winner_count,career_smoy_share_mean,career_mip_winner_count,career_mip_share_mean,career_dpoy_winner_count,career_dpoy_share_mean,career_clutch_poy_winner_count,career_clutch_poy_share_mean,from,to,experience,career_percent_fga_from_x2p_range
Kareem Abdul-Jabbar,abdulka01,86,225.0,1947-04-16,UCLA,1970,1988,1969-10-18T00:00:00Z,True,19,NBA,"MIL, LAL",C,1486,715.0,37.51749663526245,10.446837146702558,18.60565275908479,0.5614872685185185,0.0006729475100942127,0.010094212651413189,0.06666666666666667,4.292732166890983,7.424629878869448,0.5781745672074685,0.5615053530092593,4.434724091520861,6.150067294751009,0.7210854579275632,1.9327052489905787,6.16621803499327,11.511440107671602,3.7590847913862717,0.7550471063257066,2.088829071332436,1.636608344549125,3.0020188425302825,25.32907133243607,55751.0,15524,27648,1.0,15.0,6379.0,11033.0,6590,9139,2872.0,9163.0,17106.0,5586,1122.0,3104.0,2432.0,4461.0,37639,21.0,24.940558913741455,0.5950198561460781,0.0006115226632706141,0.33080843392943626,6.609495391281243,18.885869320852663,14.80735592186687,14.852370361069754,1.1363141181140564,3.2738130760898443,7.139106025004035,12.96977094581263,178.1,92.5,270.40000000000003,0.23288071962834747,4.367233678608762,1.6824099591371284,6.050061769457379,85.9,12.490812981089045,22.165820108334124,0.0,0.012159080110234725,7.074360923690962,12.238111755202889,5.261208780765941,7.157431340872373,3.151266273876271,10.01538297063575,13.168331274351418,4.619255440463745,1.2241589850803005,3.3875059393709015,2.679326237764896,3.8079920174855078,30.238434856979943,81.01644017865628,99.18262377648959,,,,,,,,,,,,,,,,,,,,,,,,,,,,,,,,,,,6,2,18,0.1972105263157895,0.4758421052631579,0.05263157894736842,5,11,0,10,15,,2,1,,1,6,0.32126315789473686,1,1.0,0,0.0,0,0.0,0,0.0,,,1970,1989,19,
Moses Malone,malonmo01,82,215.0,1955-03-23,,1975,1993,1974-10-18T00:00:00Z,True,19,"ABA,NBA","UTS, SSL, BUF, HOU, PHI, WSB, ATL, MIL",C,1383,948.0,35.19667389732466,7.347794649313087,14.81055676066522,0.4961187326075282,0.005061460592913955,0.05784526391901663,0.0875,6.245119305856833,12.610267534345626,0.49524082568807337,0.4962896060147439,6.439624005784526,8.470715835140998,0.7602219376867264,5.246565437454809,7.451916124367317,12.698481561822126,1.3709327548806942,0.8575560375994216,1.351409978308026,3.0325379609544467,2.465654374548084,21.140274765003614,48677.0,10162,20483,7.0,80.0,8637.0,17440.0,8906,11715,7256.0,10306.0,17562.0,1896,1186.0,1869.0,4194.0,3410.0,29237,0.0,22.085847525525402,0.5705817942765578,0.0039906321260554265,0.5758878525792469,16.287920373071472,23.21221316021941,19.760889126281405,5.853542740924872,1.1766419458882018,2.175306612979436,13.942821044846644,24.00681225219303,117.8,60.1,177.89999999999998,0.17533730509275428,3.1692092774821785,-1.5026090350678964,1.685783840417446,45.1,10.053791318281736,20.243749614807815,0.005158493744478913,0.07818682334572798,8.564796515808288,17.306676664543833,8.815159110051976,11.575629147235858,7.167095342769686,10.169065472399696,17.343671549191612,1.882977586950716,1.1766419458882018,1.843349014935185,4.130367524703659,3.362567537029809,28.884703247940504,107.79080469215441,104.50372866035293,,,,,,,,,,,,,,,,,,,,,,,,,,,,,,,,,,,1,1,13,0.020578947368421054,0.3023157894736842,0.0,1,2,0,4,8,0,4,1,0,1,3,0.15026315789473688,0,0.1,0,0.001,0,0.0,0,0.0011818181818181817,,,1975,1995,19,
Robert Parish,parisro01,85,230.0,1953-08-30,Centenary (LA),1977,1995,1976-10-22T00:00:00Z,True,19,NBA,"GSW, BOS, CHH",C,1494,1101.0,29.593038821954483,6.307898259705489,11.733601070950469,0.5375926982316029,0.0,0.004016064257028112,0.0,5.456492637215529,9.99330655957162,0.5460147354320161,0.5375926982316029,2.7008032128514055,3.7429718875502007,0.7215665236051502,2.9899598393574296,6.597054886211513,9.587014725568942,1.4250334672021419,0.7978580990629184,1.5314591700133868,2.0783132530120483,2.893574297188755,15.316599732262382,44212.0,9424,17530,0.0,6.0,8152.0,14930.0,4035,5592,4467.0,9856.0,14323.0,2129,1192.0,2288.0,3105.0,4323.0,22883,2.0,19.423529810911063,0.5735356238125395,0.0003307699267167285,0.32059637654935313,11.54506695014928,24.015740070569073,17.947240568171537,6.981278838324436,1.2940310322989232,2.926083416267077,13.34754817696553,21.033074730842305,73.10000000000001,71.3,144.4,0.15679996381073014,1.3599701438523477,0.2682914140957206,1.6392359540396275,40.5,10.25569302451823,19.04585632859857,0.0,0.0,8.93471455713381,16.35151994933502,4.385994752555867,6.07424907264996,4.868626164842125,10.730923731113725,15.572984710033476,2.298638378720709,1.2940310322989232,2.4685221206912153,3.3793517597032476,4.694361259386593,24.87272686148557,107.5898172441871,101.7225640097711,,,,,,,,,,,,,,,,,,,,,,,,,,,,,,,,,,,3,0,9,0.0029473684210526313,0.03131578947368421,0.0,0,0,2,0,1,1,7,0,0,1,0,0.01505263157894737,0,0.0,0,0.0,0,0.0,0,0.0,,,1977,1997,19,
James Edwards,edwarja01,85,252.0,1955-11-22,Washington,1978,1996,1977-10-18T00:00:00Z,False,19,NBA,"LAL, IND, CLE, PHO, DET, LAC, LAL, POR, CHI",C,1168,763.0,24.277397260273972,4.967465753424658,10.037671232876713,0.49488229273285567,0.0008561643835616438,0.01797945205479452,0.047619047619047616,4.085616438356165,8.17208904109589,0.4999476165531692,0.4949249402934152,2.7885273972602738,3.9948630136986303,0.6980282897556794,1.5445205479452055,3.595890410958904,5.140410958904109,1.283390410958904,0.3595890410958904,0.7422945205479452,1.6532534246575343,3.460616438356164,12.724315068493151,28356.0,5802,11724,1.0,21.0,4772.0,9545.0,3257,4666,1804.0,4200.0,6004.0,1499,420.0,867.0,1931.0,4042.0,14862,0.0,14.75149174777825,0.538896811962195,0.0018956129214275639,0.3995042671744957,6.882088446889548,16.35134363097757,11.574569755959939,7.84696360558612,0.6985223585837212,1.725056425447877,12.257920722245732,22.60270136831711,32.00000000000001,27.7,59.8,0.10100437297221046,-1.0895718719142333,-0.6565418253632389,-1.715605162928481,1.8,9.795605868246577,19.79216038933559,0.0,0.04281633516716039,8.153357314148682,16.31938919452673,5.495108618987164,7.864818733248695,3.034222034137396,7.04499576809141,10.067442516574975,2.5120292001692763,0.6985223585837212,1.4441846522781774,3.260096628579489,6.846219494992241,25.059176188460995,106.47154041472704,106.70436591902948,,,,,,,,,,,,,,,,,,,,,,,,,,,,,,,,,,,3,0,0,0.0,0.0,0.0,0,0,0,0,0,0,0,0,0,0,0,0.0,0,0.0,0,0.0,0,0.0,0,0.0,,,1978,1996,19,
John Stockton,stockjo01,73,170.0,1962-03-26,Gonzaga,1985,2003,1984-10-26T00:00:00Z,True,19,NBA,UTA,PG,1504,1300.0,31.757978723404257,4.680186170212766,9.081117021276595,0.5153756040415873,0.5618351063829787,1.4647606382978724,0.38356786200635495,4.118351063829787,7.616356382978723,0.5407245744216499,0.546309855030019,3.1835106382978724,3.853723404255319,0.8260869565217391,0.6422872340425532,2.0511968085106385,2.6934840425531914,10.509308510638299,2.170877659574468,0.20944148936170212,2.8218085106382977,2.6210106382978724,13.105718085106384,47764.0,7039,13658,845.0,2203.0,6194.0,11455.0,4788,5796,966.0,3085.0,4051.0,15806,3265.0,315.0,4244.0,3942.0,19711,0.0,21.836485637718784,0.6081503852273679,0.15988478770622225,0.4258487773218323,2.4656603299556155,7.296112134662088,4.972389247131732,50.24840674985344,3.4637802529101416,0.45096097479273095,20.79745414956871,18.862735533037434,142.7,65.0,207.6,0.2087840842475505,4.903952767774893,1.9289276442509002,6.827581442090278,106.39999999999999,7.542954945146971,14.606626329453146,0.9043756804287749,2.3708274013901685,6.60299807386316,12.22078971610418,5.112224688049578,6.182365379783939,1.0211519135750773,3.292858638305,4.319495854618542,16.818011473075956,3.4637802529101416,0.34914580018423913,4.519156687044636,4.1777007788292435,21.056396030483207,120.425027217151,103.96279624822041,100.0,0.0,0.0,0.0,0.0,8.887855248200076,10.832127068333964,929.0,192.0,412.0,104.0,421.0,,9409.0,110.0,263.0,12.61252368321334,0.3402430213464696,0.08145572817986611,0.13918384489074143,0.27364569912845776,0.16580598711633196,0.6351774030567133,0.3558863205759757,0.4606725401035746,0.4987358216496148,0.4460694076038903,0.6556414045724391,0.0,0.0,0.06805721864342554,0.4804753694581281,4.0,0.0,0,0,10,0.10436842105263155,0.28978947368421054,0.0023684210526315787,0,5,12,2,8,10,16,0,0,1,0,0.008578947368421052,0,0.0,0,0.0,0,0.010444444444444444,0,0.0012105263157894737,,,1985,2003,19,0.8341940128836681
Kevin Willis,willike02,84,220.0,1962-09-06,Michigan State,1985,2004,1984-10-26T00:00:00Z,False,19,NBA,"ATL, MIA, GSW, HOU, TOR, DEN, HOU, SAS",PF,1390,886.0,27.320143884892087,5.075539568345324,10.409352517985612,0.48759416683944984,0.02877697841726619,0.13525179856115108,0.2127659574468085,5.046762589928058,10.27410071942446,0.4912120999929977,0.4889764323726588,2.161151079136691,3.030935251798561,0.7130310942321386,2.950359712230216,5.551079136690648,8.501438848920863,0.9482014388489208,0.6820143884892086,0.5338129496402878,1.8007194244604317,2.9553956834532373,12.341007194244604,37975.0,7055,14469,40.0,188.0,7015.0,14281.0,3004,4213,4101.0,7716.0,11817.0,1318,948.0,742.0,2503.0,4108.0,17154,0.0,15.815507570770242,0.5246941408821594,0.012539407504937459,0.292241211323239,11.983159973666886,22.93426991441738,17.426293614219883,5.588779460171165,1.2582409479921,1.29614219881501,13.33835418038183,21.306533245556288,35.1,46.49999999999999,81.9,0.1032107702435813,-0.7454851876234364,-1.30476629361422,-2.039902567478604,-0.7000000000000002,9.385269256089533,19.29061224489796,0.05289269256089532,0.24193548387096775,9.346572745227123,19.038161948650426,4.014825543120474,5.6174009216589855,5.456871626069782,10.267181040158,15.731728768926926,1.7647557603686634,1.2582409479921,0.98950362080316,3.3246030283080974,5.487457537853851,22.857113890717574,105.32663594470046,105.22306780776827,0.0,0.0,0.14864984506418769,25.60575475874281,74.24559539619301,-2.919415670650731,-5.612430278884462,172.0,172.0,418.0,157.0,513.0,,876.0,98.0,254.0,8.44962372731297,0.3203915891987605,0.3259414785303231,0.22786746347941567,0.11701584772023019,0.008634971226206286,0.6483291722000885,0.38793253652058435,0.34235227976980964,0.37318787073926507,0.6313898185037627,0.14864984506418769,0.06573776007082781,261.0,0.24696989818503765,0.20655263390880924,7.0,0.0,1,0,1,0.013947368421052632,0.012578947368421052,0.0023684210526315787,0,0,4,0,0,1,4,0,0,1,0,5.2631578947368424e-05,0,0.0,0,0.0,0,0.01622222222222222,0,0.0,,,1985,2007,19,0.9913650287737937
Karl Malone,malonka01,81,250.0,1963-07-24,Louisiana Tech,1986,2004,1985-10-25T00:00:00Z,True,19,NBA,"UTA, LAL",PF,1476,1471.0,37.16260162601626,9.16531165311653,17.757452574525747,0.5161388782907287,0.05758807588075881,0.21002710027100271,0.27419354838709675,9.107723577235772,17.54742547425474,0.519034749034749,0.5177603967951163,6.630758807588076,8.934959349593496,0.742114043069457,2.413279132791328,7.727642276422764,10.140921409214092,3.5555555555555554,1.4126016260162602,0.7757452574525745,3.065040650406504,3.1016260162601625,25.018970189701896,54852.0,13528,26210,85.0,310.0,13443.0,25900.0,9787,13188,3562.0,11406.0,14968.0,5248,2085.0,1145.0,4524.0,4578.0,36928,4.0,23.896262670458686,0.5750448114927441,0.011585138190038653,0.5034159374316343,7.850450302632538,23.502313498140452,15.954690804346242,17.54496280901335,1.9484394370305547,1.4574017355793774,12.446740319404945,29.43474804929629,142.3,92.59999999999998,234.6,0.2052704550426603,4.239798001896012,0.9095292787865528,5.132410851017284,99.10000000000001,12.62915663968497,24.461523736600306,0.08537336833661491,0.28896667395901693,12.53879348063881,24.160269452344494,9.176380077298914,12.327315321228033,3.2960420768613723,10.649376504047256,13.940264712316779,4.934775395610005,1.9484394370305547,1.0686720630059068,4.207930430977904,4.249713775249763,34.49133304163932,112.64063297600816,100.97387515496244,0.0,0.0,7.17647617690371,77.23623580827514,15.727281364305734,7.19978623343309,10.270139185786899,1021.0,212.0,656.0,262.0,1911.0,,5140.0,450.0,541.0,11.024602156667143,0.31930525865754594,0.10605557930739633,0.22015201178091304,0.3470942473041661,0.007381407059047076,0.6617850933447342,0.4102614127594889,0.39157555460548193,0.45294218801957153,0.7911629851313478,0.601307301315852,0.026735166975440598,256.0,0.02981378556838155,0.14441119186736973,1.0,0.0,0,0,14,0.1336842105263158,0.6362105263157896,0.04068421052631579,3,4,12,11,13,13,17,1,0,1,2,0.22615789473684209,0,0.186,0,0.0,0,0.0018421052631578945,0,0.0005263157894736842,,,1986,2004,19,0.992683815495701
Charles Oakley,oaklech01,81,225.0,1963-12-18,Virginia Union University,1986,2004,1985-10-25T00:00:00Z,False,19,NBA,"CHI, NYK, TOR, CHI, WAS, HOU",PF,1282,1159.0,31.41965678627145,3.7714508580343216,8.005460218408736,0.4711098119458248,0.0530421216848674,0.20982839313572543,0.2527881040892193,3.718408736349454,7.795631825273011,0.47698619171502904,0.4744226834258989,2.0897035881435255,2.7472698907956317,0.7606473594548552,3.060842433697348,6.459438377535101,9.52028081123245,2.5093603744149764,1.0538221528861154,0.2995319812792512,2.172386895475819,3.4485179407176285,9.685647425897036,40280.0,4835,10263,68.0,269.0,4767.0,9994.0,2679,3522,3924.0,8281.0,12205.0,3217,1351.0,384.0,2785.0,4421.0,12417,3.0,13.365975670307845,0.5237842601787487,0.02478383813306852,0.34193810824230386,11.20713008937438,23.513314299900696,17.347907149950345,11.891338133068519,1.6947492552135057,0.6410029791459781,19.10266137040715,15.77256206554121,26.2,63.3,89.4,0.10669774081429989,-1.1511916583912614,0.6855958291956306,-0.46002730883813303,15.400000000000002,6.121578947368421,13.017142502482622,0.08639771598808342,0.3428028798411123,6.035181231380338,12.671735352532275,3.3728426017874877,4.4238952333664345,4.946906653426018,10.514520854021846,15.467651439920557,4.103008937437934,1.6947492552135057,0.4783515392254221,3.5306678252234356,5.638761171797419,15.69132323733863,104.67487586891758,102.1416087388282,0.0,0.0,2.3629526462395543,78.25536211699165,19.629944289693594,0.822708913649025,0.2914554317548746,572.0,79.0,829.0,46.0,213.0,,2790.0,43.0,101.0,15.30267409470752,0.1665293175487465,0.05274519498607243,0.12698126740947074,0.6186366991643455,0.03534108635097493,0.5293034818941504,0.26220772980501394,0.34081615598885795,0.4386685933147632,0.851825835654596,0.5445127437325905,0.001371448467966574,3.0,0.18837158774373258,0.3715006963788301,0.0,0.0,0,0,1,0.09052631578947369,0.005210526315789474,0.031105263157894737,1,2,9,0,0,0,4,1,0,1,0,0.0,0,0.038,0,0.0,0,0.0,0,0.0015789473684210526,,,1986,2004,19,0.9646589136490251
Shaquille O'Neal,onealsh01,85,325.0,1972-03-06,LSU,1993,2011,1992-11-06T00:00:00Z,True,19,NBA,"ORL, LAL, MIA, PHO, CLE, BOS",C,1207,1197.0,34.72908036454018,9.386909693454847,16.12013256006628,0.5823097085881688,0.0008285004142502071,0.018227009113504555,0.045454545454545456,9.386081193040596,16.101905550952775,0.5829174170311294,0.582335406280516,4.91714995857498,9.32228666114333,0.5274617845716317,3.4871582435791217,7.365368682684341,10.852526926263463,2.507042253521127,0.6122618061309031,2.263463131731566,2.7423363711681854,3.434962717481359,23.691797845898922,41918.0,11330,19457,1.0,22.0,11329.0,19435.0,5935,11252,4209.0,8890.0,13099.0,3026,739.0,2732.0,3310.0,4146.0,28596,2.0,26.43011116942602,0.5866891073047377,0.00106725034591345,0.5830191564483038,11.695684431509138,23.60161267236032,17.79228255164846,13.93908106302782,0.910260508612052,4.602364139510472,12.206844315091368,29.473841786344764,115.5,66.5,181.6,0.20804869030010975,4.436996039887399,0.7147478410229496,5.14504985924901,75.39999999999999,13.954332267760865,23.963077914022616,0.0,0.016246004103249202,13.954332267760865,23.939505701607903,7.310871224772175,13.863738727992747,5.194126628178824,10.952008683620402,16.12531847893506,3.7371701894174345,0.910260508612052,3.3582375113316476,4.073672408034734,5.117889689393579,35.219049095853805,112.58612052101722,101.20680853094136,0.0,0.0,0.0,0.0,100.0,7.7985107628276005,8.536313975417832,770.0,474.0,1817.0,481.0,3581.0,28.0,5293.0,1093.0,546.0,4.194442999284647,0.5179776289263186,0.4097016648240879,0.06936860245821681,0.002156727580152175,0.0007384405280613904,0.7464784093126097,0.43283410288092605,0.2804303505235091,0.1274123366066203,0.6209102230604149,0.0,0.20113929895298172,2626.0,0.0,0.0,5.0,0.0,4,3,15,0.09489473684210525,0.5051052631578948,0.05263157894736842,0,3,12,8,10,14,17,1,1,1,1,0.2305263157894737,1,0.98,0,0.0,0,0.0015789473684210528,0,0.013052631578947366,,,1993,2011,19,0.9992615594719385
Jason Kidd,kiddja01,76,205.0,1973-03-23,California,1995,2013,1994-11-05T00:00:00Z,True,19,NBA,"DAL, PHO, NJN, DAL, NYK",PG,1391,1350.0,36.02516175413372,4.470884255930985,11.184040258806615,0.3997557369672816,1.4291876347951114,4.098490294751977,0.34871075249956146,3.0416966211358734,7.085549964054637,0.42928165584415584,0.46364980394677635,2.230769230769231,2.8425593098490296,0.7847749114820435,1.2710280373831775,5.0014378145219265,6.272465851905104,8.692307692307692,1.9295470884255932,0.3235082674335011,2.877785765636233,1.8490294751976994,12.601725377426312,50111.0,6219,15557,1988.0,5701.0,4231.0,9856.0,3103,3954,1768.0,6957.0,8725.0,12091,2684.0,450.0,4003.0,2572.0,17529,107.0,17.915481630779666,0.5100086807287821,0.39359801241244435,0.2432652311867654,3.961070423659476,16.04063179740975,9.980263814332183,38.476949172836306,2.807884496417952,0.6747500548781705,19.030352617189838,19.217167887290216,63.5,74.89999999999999,138.70000000000002,0.13281087984674023,2.2815868771327654,1.531520025543294,3.82256191255413,73.4,6.494384466484405,16.238939554189695,2.0862046257308777,5.966943385683782,4.412330626010257,10.266268883079562,3.220400710422861,4.1248408533056615,1.8396140567939174,7.285003292690227,9.120731975015465,12.6244776595957,2.807884496417952,0.46120013569874874,4.164889944323601,2.692790006186266,18.290702640138893,107.36728462812556,102.09712438386781,81.79988290661802,17.835055957125807,0.481951856605643,0.0,0.0,4.241333963836159,6.221234434461483,2508.0,579.0,1008.0,128.0,1008.0,93.0,23408.0,207.0,441.0,16.828199238893017,0.19954365106172173,0.062432907743925785,0.0999745772253372,0.23289970501474927,0.40520583665473214,0.546605417820712,0.3310732509176068,0.34950597851786797,0.3873337386565786,0.36824591862009953,0.8567983291675111,0.003653538697110946,42.0,0.17262194600193653,0.3398363394807359,55.0,4.0,1,0,10,0.24494736842105264,0.25805263157894737,0.05263157894736842,4,9,15,5,6,6,16,1,1,1,0,0.04915789473684211,1,0.41,0,0.0,0,0.0,0,0.0008421052631578948,,,1995,2013,19,0.5947941633452678
Juwan Howard,howarju01,81,240.0,1973-02-07,Michigan,1995,2013,1994-11-19T00:00:00Z,False,19,NBA,"WSB, WAS, DAL, DEN, ORL, HOU, DAL, CHA, DEN, POR, MIA",PF,1208,900.0,30.34271523178808,5.416390728476821,11.548013245033113,0.46903225806451615,0.004966887417218543,0.041390728476821195,0.12,5.4114238410596025,11.506622516556291,0.47028776978417264,0.469247311827957,2.5389072847682117,3.3228476821192054,0.7640757349277528,1.9437086092715232,4.2052980132450335,6.1490066225165565,2.2044701986754967,0.6771523178807947,0.2582781456953642,2.0438741721854305,2.8915562913907285,13.376655629139073,36654.0,6543,13950,6.0,50.0,6537.0,13900.0,3067,4014,2348.0,5080.0,7428.0,2663,818.0,312.0,2469.0,3493.0,16159,0.0,14.568445462978124,0.5131033175096852,0.0034897691929939435,0.28401939761008343,7.395623942816609,16.167976209963445,11.762907186118841,12.742873901893379,1.1768265400774813,0.627445844928248,13.613065422600535,22.440552190756808,27.7,31.6,59.4,0.07764145795820374,-0.6799803568505483,-0.8912860806460413,-1.5802913733835324,3.9,9.36409123151634,19.948524035575925,0.008986740874120151,0.06510612757134283,9.347656463141812,19.88537131008894,4.377143013040868,5.730236809079501,3.3610165329841215,7.2721722049435265,10.64984721994871,3.7975364216729424,1.1768265400774813,0.44515468980193157,3.5303432094723632,5.012317891635292,23.098805041741695,102.53609428711736,106.77620450701151,0.0,0.21436863149748484,15.109054559525346,68.67232039210629,15.567522249451825,-2.9379691732232684,-3.863394814910358,765.0,448.0,1153.0,434.0,1389.0,54.0,4766.0,298.0,835.0,9.59944537598349,0.23521517477105636,0.266657229459564,0.296459241583903,0.19920569456984397,0.0025630078679220944,0.5922957242357796,0.41168018831420095,0.4265773893976525,0.4447935960273443,0.654872371985038,0.044015219914871666,0.03764781374951632,397.0,0.10501070553334194,0.0,5.0,0.0,2,0,1,0.0,0.006421052631578947,0.03847368421052631,0,0,0,0,0,1,2,0,1,1,0,0.0,0,0.01,0,0.0,0,0.00047368421052631577,0,0.0,,,1995,2013,19,0.9974369921320779
Kevin Garnett,garneke01,83,240.0,1976-05-19,,1996,2014,1995-11-03T00:00:00Z,True,19,NBA,"MIN, BOS, BRK",PF,1377,1340.0,35.51924473493101,7.485838779956427,15.047930283224401,0.49746633849717675,0.12563543936092955,0.4531590413943355,0.27724358974358976,7.360203340595498,14.594771241830065,0.5043041249937802,0.5016408474494474,3.512708787218591,4.447349310094408,0.7898432397126062,2.2846768336964414,8.028322440087146,10.312999273783587,3.8533042846768337,1.2962962962962963,1.4596949891067539,2.263616557734205,2.456063907044299,18.610021786492375,48910.0,10308,20721,173.0,624.0,10135.0,20097.0,4837,6124,3146.0,11055.0,14201.0,5306,1785.0,2010.0,3117.0,3382.0,25626,16.0,22.91618074013494,0.5467332856266612,0.029312062972807192,0.29308241668370477,7.642259251686771,25.877096708239623,16.98337354324269,19.46208546309548,1.9262461664281332,3.0707973829482724,11.749599263954202,24.987172357391128,99.19999999999999,89.3,188.5,0.18496348395011242,3.666806379063586,2.0829237374769987,5.7574442854222045,95.80000000000001,11.123363320384382,22.380727867511755,0.1807053772234717,0.6621672459619711,10.953594356982212,21.69481905540789,5.222069106522183,6.619214884481701,3.4023901042731546,11.96338172152934,15.340132897158046,5.720190145164587,1.9262461664281332,2.1637149867102843,3.362363524841546,3.6418196687793905,27.67924964219996,110.01091801267634,99.07795951748109,0.0,0.0,8.67072098161615,66.27425617264088,25.159126498916706,5.342617500053628,11.430870712401054,1170.0,638.0,1327.0,481.0,2406.0,71.0,11296.0,506.0,641.0,11.359501898449064,0.2274593174163932,0.20314254456528733,0.224570521483579,0.31582547139455563,0.028884720166462874,0.687132934337259,0.4425943754424351,0.45117285539610014,0.4520998133728039,0.6858283029795997,0.7130741574961923,0.07127356972778172,1340.0,0.0652727760259133,0.16564521526481754,26.0,0.0,1,0,15,0.37847368421052635,0.3538421052631579,0.03289473684210526,9,12,16,4,7,9,17,0,1,1,1,0.14489473684210524,0,0.009,0,0.0,0,0.002105263157894737,1,0.08621052631578947,,,1996,2016,19,0.971115279833537
Kobe Bryant,bryanko01,78,212.0,1978-08-23,,1997,2015,1996-11-03T00:00:00Z,True,19,NBA,LAL,SG,1280,1132.0,36.5421875,8.84453125,19.59921875,0.4512695818551441,1.3234375,3.96796875,0.33353022248474107,7.52109375,15.63125,0.4811575369852059,0.48503208833260253,6.3640625,7.6015625,0.8372045220966084,1.1390625,4.1734375,5.3125,4.7828125,1.4703125,0.48984375,3.03203125,2.5296875,25.3765625,46774.0,11321,25087,1694.0,5079.0,9627.0,20008.0,8146,9730,1458.0,5342.0,6800.0,6122,1882.0,627.0,3881.0,3238.0,32482,21.0,23.22925556933339,0.5528697567024415,0.20176345833155174,0.3902739983751657,3.561433702484286,12.705396160259973,8.172369264976268,24.41696241501689,2.092867832556548,0.9695835293111559,11.780514815923377,31.82783597725232,123.19999999999999,50.1,173.0,0.17763099157651688,4.761187839397956,0.021751400350622122,4.800391242998247,79.9,12.561241287894985,27.804382776756313,1.8732137512293157,5.621774917689314,10.675789968786079,22.175116517723524,9.037260016248343,10.789913199640825,1.615705306366785,5.91053362979433,7.523288579125156,6.777919356907683,2.092867832556548,0.689357335271732,4.285814768888699,3.599634412280327,35.99178817291658,110.81333646897849,105.13676401419592,1.1319750288621884,82.44092872108436,16.185273870098772,0.18232351306281266,0.0,4.951041176722111,5.219036216701586,1726.0,1204.0,1099.0,461.0,3713.0,89.0,13890.0,833.0,1121.0,13.81654765467995,0.229227284388763,0.1278067302347458,0.17165425236242354,0.2695767092829349,0.20176345833155174,0.6395710223628511,0.43972816094411427,0.42556067473382647,0.4016288536366357,0.35713868816008887,0.6671454654295121,0.04393590456236371,996.0,0.09323115405994783,0.3362996964125369,53.0,1.0,5,2,17,0.37663157894736843,0.634315789473684,0.014105263157894737,9,12,14,11,13,15,16,0,1,1,1,0.2211578947368421,0,0.0,0,0.014052631578947369,0,0.001894736842105263,0,0.013789473684210527,,,1997,2016,19,0.7982365416684482
Tim Duncan,duncati01,83,250.0,1976-04-25,Wake Forest,1998,2016,1997-10-31T00:00:00Z,True,19,NBA,SAS,C,1392,1389.0,34.02873563218391,7.3886494252873565,14.607758620689655,0.5058030884233304,0.021551724137931036,0.1206896551724138,0.17857142857142858,7.367097701149425,14.487068965517242,0.50852920757711,0.5065407691551097,4.235632183908046,6.083333333333333,0.6962683042040624,2.7722701149425286,8.068965517241379,10.841235632183908,3.0352011494252875,0.7363505747126436,2.1695402298850577,2.4288793103448274,2.3735632183908044,19.03448275862069,47368.0,10285,20334,30.0,168.0,10255.0,20166.0,5896,8468,3859.0,11232.0,15091.0,4225,1025.0,3020.0,3381.0,3304.0,26496,4.0,24.216644147947978,0.550426659348083,0.008260956764060126,0.4142209086302989,9.729783820300623,26.546693970613067,18.410388870123292,16.41688059449417,1.139756797838203,4.578071693970613,12.3653373585543,26.99480873163317,100.0,106.39999999999999,206.29999999999998,0.20921482857625404,3.285264313460564,2.327862692112819,5.627337020773517,91.2,11.531504391150142,22.779393261273434,0.018067049484884315,0.20093734166525926,11.494789731464278,22.60629538929235,6.6122508866745475,9.506196166188145,4.314549907110285,12.587136885661204,16.91061264989022,4.722534200304003,1.139756797838203,3.3864381016720144,3.7895646850194225,3.7211197432866077,29.719209170748183,109.60963097449755,95.5567893936835,0.0,0.0,0.5411248099983111,36.310906096943086,63.147969093058606,9.672244975510893,7.9722808647187975,1356.0,1065.0,1849.0,434.0,3849.0,65.0,9427.0,850.0,1483.0,7.99754897821314,0.3106539647019085,0.34158446630636713,0.1958937046107077,0.1434407828069583,0.008260956764060126,0.6881267944603953,0.4465933541631481,0.40124066880594494,0.40617205708495197,0.5539945532849182,0.5195563460564094,0.060458326296233746,1145.0,0.14065261357878736,0.4012624556662726,17.0,0.0,5,3,15,0.4428947368421053,0.5844736842105264,0.05263157894736842,8,15,19,10,13,15,19,1,1,1,2,0.22515789473684214,1,0.974,0,0.0,0,0.0,0,0.053947368421052626,,,1998,2016,19,0.99173904323594
Vince Carter,cartevi01,78,220.0,1977-01-26,UNC,1999,2017,1999-02-05T00:00:00Z,True,19,NBA,"TOR, NJN, ORL, PHO, DAL, MEM",SG,1347,969.0,32.02301410541945,6.589458054936896,15.058648849294729,0.4375862748964701,1.5211581291759466,4.072011878247959,0.37356426618049227,5.06829992576095,10.98663697104677,0.4613149537130887,0.4880940642871229,3.5293244246473647,4.417223459539718,0.7989915966386555,1.1811432813659986,3.37713437268003,4.558277654046028,3.348181143281366,1.0549368968077208,0.6013363028953229,1.835931700074239,2.7230883444691907,18.229398663697104,43135.0,8876,20284,2049.0,5485.0,6827.0,14799.0,4754,5950,1591.0,4549.0,6140.0,4510,1421.0,810.0,2473.0,3668.0,24555,5.0,19.261154514895097,0.5354305320505389,0.28622983655963835,0.2891645995131564,4.196805378462964,12.278196360264287,8.210300220238786,20.12739074997102,1.7294749043700013,1.4491688883737104,9.74125188362119,27.077649240755765,79.70000000000002,42.6,122.49999999999999,0.13618813028862872,3.2665747073142457,0.04800278196360265,3.312340326880723,57.699999999999996,10.886978092036628,24.852588385301956,2.4890993392836447,6.668705227773271,8.370137939028632,18.16481511533558,5.829926973455431,7.292632433059001,1.9434426799582707,5.558082763417178,7.510270082299758,5.522100382519996,1.7294749043700013,1.0021397936710328,3.0400741856960707,4.479056450678104,30.077329314941466,108.64112669525908,105.9898921989104,0.34338704068621767,57.45065492059812,40.38762026196824,1.7635099107453345,0.0,2.4143155210385996,8.469743827518256,1178.0,612.0,1866.0,384.0,2207.0,151.0,10236.0,447.0,749.0,14.373511069896836,0.23837486959545612,0.12459997681696999,0.11860153007998145,0.23207919323055526,0.28622983655963835,0.5796554538078127,0.4100254549669642,0.37587033731308683,0.3996040338472238,0.4077941115103745,0.8174434681812913,0.047689764692245284,914.0,0.17141428074649356,0.4056529500405702,47.0,2.0,0,0,8,0.003578947368421053,0.054421052631578946,0.05263157894736842,0,0,3,0,1,2,9,1,1,1,0,0.00268421052631579,1,0.958,0,0.0012105263157894737,0,0.0005263157894736842,0,0.0,,,1999,2020,19,0.7137701634403616
Dirk Nowitzki,nowitdi01,84,245.0,1978-06-19,,1999,2017,1999-02-05T00:00:00Z,True,19,NBA,DAL,PF,1394,1363.0,34.91606886657102,7.667144906743185,16.212338593974174,0.47292035398230087,1.2769010043041606,3.3486370157819225,0.38131962296486716,6.390243902439025,12.863701578192252,0.4967655587776043,0.5123008849557522,5.0961262553802005,5.796987087517934,0.8790991213958669,1.033715925394548,6.780487804878049,7.814203730272597,2.5078909612625537,0.830703012912482,0.8737446197991392,1.7395982783357244,2.4239598278335723,21.70731707317073,48673.0,10688,22600,1780.0,4668.0,8908.0,17932.0,7104,8081,1441.0,9452.0,10893.0,3496,1158.0,1218.0,2425.0,3379.0,30260,2.0,22.870143611447826,0.5777525938405276,0.20996059416925192,0.3575954225135085,3.4052657530869275,21.780825098103673,12.686246995254042,12.815158301316954,1.2353892301686769,1.8897068189756128,8.524058512933248,26.8146035789863,141.6,59.599999999999994,201.3,0.1985212540833727,4.397335278285703,0.3742095206788158,4.7522075894232945,83.30000000000001,11.44377580999733,24.190452612331274,1.902440778254885,4.978916442380786,9.539691410021982,19.21037330758326,7.615928748998417,8.666038666200974,1.5365541470630535,10.110245926899925,11.667234401002608,3.7460234627000593,1.2353892301686769,1.3092268814332384,2.605639677028332,3.6133359357343906,32.400992336613726,115.81716762887021,104.01485423129867,0.0,0.0,0.7656811784767735,71.962587060588,27.306042364349846,6.11126086331231,9.627875824379018,1170.0,738.0,2067.0,291.0,3011.0,134.0,8040.0,656.0,752.0,15.007273026113042,0.14669295091734638,0.08582980297084626,0.244734329094159,0.3128495264314918,0.20996059416925192,0.6558344872927496,0.40166155774248563,0.464775645635157,0.4754859162163828,0.5712777104349434,0.9368538820290511,0.018824748834055844,394.0,0.10624372855587284,0.395862531588355,20.0,0.0,1,1,13,0.0008947368421052633,0.356,0.0037368421052631578,0,0,1,4,9,12,16,0,0,1,1,0.09521052631578947,0,0.0,0,0.0,0,0.013421052631578948,0,0.0,,,1999,2019,19,0.7900394058307479
Paul Pierce,piercpa01,79,235.0,1977-10-13,Kansas,1999,2017,1999-02-05T00:00:00Z,True,19,NBA,"BOS, BRK, WAS, LAC",SF,1343,1285.0,34.16232315711095,6.4542069992553985,14.49367088607595,0.44531209863858207,1.5956813104988832,4.33060312732688,0.36846629986244844,4.858525688756515,10.163067758749069,0.4780570005128581,0.500359619830465,5.151154132539092,6.387192851824274,0.8064816973653532,0.8131049888309755,4.791511541325391,5.604616530156366,3.505584512285927,1.304542069992554,0.5547282204020849,2.629932985852569,2.712583767684289,19.655249441548772,45880.0,8668,19465,2143.0,5816.0,6525.0,13649.0,6918,8578,1092.0,6435.0,7527.0,4708,1752.0,745.0,3532.0,3643.0,26397,9.0,19.738432868352223,0.5691858326068002,0.30578493897122927,0.4362574978204011,2.7670597210113344,16.24246730601569,9.583938535309503,18.724123801220575,1.9870510026155186,1.2530100261551873,13.205950305143853,26.85133827375763,86.9,63.29999999999999,150.2,0.15696756756756755,3.125302964254577,0.5555972101133392,3.6718221447253714,65.6,9.847279860505669,22.12591543156059,2.4349128160418485,6.612898866608545,7.423025283347863,15.511887532693985,7.868025283347864,9.75064952048823,1.2476634699215345,7.311732781168264,8.551340453356582,5.350163469921535,1.9870510026155186,0.861050566695728,4.018350043591978,4.155704010462075,30.001412380122055,108.99112903225806,102.74707933740191,0.06800348735832606,24.7697689625109,68.49527027027027,6.6087837837837835,0.06451612903225806,3.5036857018308627,6.513949433304272,1538.0,1097.0,1794.0,478.0,3412.0,174.0,10660.0,727.0,1141.0,14.315520924149956,0.26053912380122063,0.0823583914559721,0.1396321926765475,0.21173308631211857,0.30578493897122927,0.6065264385353094,0.3363792502179599,0.41223506974716645,0.41840544899738447,0.45071979075850044,0.8709836530078466,0.02656185701830863,484.0,0.13466527898866607,0.38381442894507417,25.0,1.0,1,1,10,0.002631578947368421,0.0911578947368421,0.05263157894736842,0,0,2,0,1,4,13,1,1,1,0,0.0021052631578947372,0,0.017,0,0.0,0,0.00010526315789473685,0,0.0,,,1999,2017,19,0.6942150610287707
Jason Terry,terryja01,74,185.0,1977-09-15,Arizona,2000,2018,1999-11-02T00:00:00Z,False,19,NBA,"ATL, DAL, BOS, BRK, HOU, MIL",SG,1410,679.0,29.811347517730496,4.9035460992907804,11.053191489361701,0.4436316971446904,1.6184397163120567,4.26241134751773,0.37970049916805326,3.2851063829787233,6.790780141843972,0.4837597911227154,0.5168431183830606,1.9652482269503546,2.324822695035461,0.8453325198291641,0.35602836879432626,1.9659574468085106,2.321985815602837,3.8404255319148937,1.1368794326241134,0.1950354609929078,1.7127659574468086,1.827659574468085,13.390780141843972,42034.0,6914,15585,2282.0,6010.0,4632.0,9575.0,2771,3278,502.0,2772.0,3274.0,5415,1603.0,275.0,2415.0,2577.0,18881,1.0,16.20319979064567,0.5553950849312461,0.40377037636199264,0.20468699148308508,1.3899390969215397,7.440674216110767,4.477615739639339,22.07078555455108,1.996726459532759,0.4989270590474377,12.517186087453014,21.158233810724653,70.49999999999999,31.599999999999998,101.99999999999999,0.11644466384355522,1.8212542227720419,-0.28552600275967077,1.5292810581909884,37.4,8.637246038920875,19.45425132035971,2.835162011704811,7.48597088071561,5.792456106961031,11.984198505971355,3.4561259932435644,4.1034852738259495,0.6290835989912928,3.4372912404244182,4.086220678498358,6.758405100632822,1.996726459532759,0.33694628158157686,3.0038682970928297,3.2037207974496833,23.582897178474568,110.48532140648047,107.9679783032783,50.56106961031546,47.100799352904794,2.4638863776942475,0.0,0.0,1.566305847647143,2.526921063900652,1440.0,572.0,1031.0,157.0,1127.0,94.0,11994.0,216.0,628.0,16.838661559689776,0.13947356901555885,0.09189860589046964,0.13944080982062143,0.22561267069515156,0.40377037636199264,0.5945207926916306,0.42087053337774183,0.4469535614026739,0.4636337726602275,0.4027533663225009,0.8253120806965789,0.006467407336917733,104.0,0.28024534900318787,0.40454693819289145,25.0,2.0,1,0,0,0.0008947368421052633,0.00015789473684210527,0.014105263157894737,0,0,1,0,0,0,1,0,1,1,0,0.0,0,0.0,1,0.10194736842105262,0,0.0016842105263157896,0,0.0,,,2000,2018,19,0.5962296236380072
Jamal Crawford,crawfja01,77,185.0,1980-03-20,Michigan,2001,2019,2000-10-31T00:00:00Z,False,19,NBA,"CHI, NYK, GSW, ATL, POR, LAC, MIN, PHO",SG,1326,433.0,29.402714932126695,5.090497737556561,12.41553544494721,0.4100103261859928,1.6742081447963801,4.80920060331825,0.3481260780931473,3.416289592760181,7.606334841628959,0.4491374182034503,0.4774342464921339,2.7858220211161386,3.2322775263951735,0.8618758749416705,0.3514328808446455,1.8717948717948718,2.2232277526395174,3.4223227752639516,0.8891402714932126,0.20437405731523378,1.8672699849170438,1.5135746606334841,14.64102564102564,38988.0,6750,16463,2220.0,6377.0,4530.0,10086.0,3694,4286,466.0,2482.0,2948.0,4538,1179.0,271.0,2476.0,2007.0,19414,0.0,15.105447830101568,0.5280263927362265,0.38617107828049657,0.26061352210936695,1.3644788139940494,7.3304863034779935,4.323730378578024,19.66214219759926,1.5645326767210426,0.542613111726685,12.036831845696112,24.061683081973943,42.0,18.4,60.7,0.07481678978147123,1.317436134195137,-1.4521878526726173,-0.13740638145070277,18.499999999999996,8.94419052016005,21.80582999897404,2.9350979788652922,8.452788037344826,6.008910433979687,13.365912588488767,4.892315584282343,5.675564276187544,0.6133092233507745,3.2919564994357238,3.906245511439417,6.001836462501282,1.5645326767210426,0.36433261516364013,3.287642351492767,2.672537703908895,25.716417872165795,105.36542012927055,110.99512670565302,24.13711911357341,60.65527854724531,14.870703806299375,0.3314096645121576,0.0,-2.5500923361034165,-2.0848876577408433,1326.0,622.0,859.0,206.0,1547.0,104.0,9998.0,350.0,537.0,17.12147327382785,0.13239799425464246,0.10741487124243358,0.11380473479019186,0.26051590232892174,0.38617107828049657,0.5574657330460655,0.4073052734174618,0.41612188365650976,0.42338004001231144,0.2842599004821996,0.7476016723094285,0.006626346568174823,95.0,0.2536110598132759,0.38439789165897204,76.0,6.0,0,0,0,0.0,0.0,0.0009473684210526315,0,0,0,0,0,0,0,0,0,1,0,0.0,0,0.0,3,0.16173684210526315,0,0.0,0,0.0,,,2001,2020,19,0.6138289217195034
Tyson Chandler,chandty01,84,235.0,1982-10-02,,2002,2020,2001-10-31T00:00:00Z,False,19,NBA,"CHI, NOK, NOH, CHA, DAL, NYK, DAL, PHO, LAL, HOU",C,1160,886.0,27.256034482758622,3.067241379310345,5.141379310344828,0.596579476861167,0.0,0.009482758620689655,0.0,3.067241379310345,5.131896551724138,0.5976818410885268,0.596579476861167,2.0629310344827587,3.2017241379310346,0.6443187937533656,3.0422413793103447,5.981034482758621,9.023275862068965,0.8336206896551724,0.5431034482758621,1.1508620689655173,1.4275862068965517,2.817241379310345,8.197413793103449,31617.0,3558,5964,0.0,11.0,3558.0,5953.0,2393,3714,3529.0,6938.0,10467.0,967,630.0,1335.0,1656.0,3268.0,9509,0.0,16.121197457064238,0.62796969984502,0.002077774614922352,0.6299676756175475,12.605262991428663,25.144956827023435,18.81293607869184,4.678726634405542,1.028092481892653,3.342103931429294,18.07198342663757,13.23104975171585,56.3,45.599999999999994,102.2,0.15502596704304647,-0.32731125660246085,0.4663693582566341,0.12136508840180912,16.900000000000002,5.83593003763798,9.790021191131354,0.0,0.005240851440680646,5.83593003763798,9.767631337571558,3.9265837998545083,6.096565139007496,5.77942562545466,11.307856532877882,17.092421798399595,1.5737957427965967,1.028092481892653,2.181377107252428,2.703937755005219,5.338678559003068,15.580067685106112,118.94297371667142,103.2210835942689,0.0,0.0,0.112597653161274,11.169307650947275,88.89834582661227,0.5703956732137774,2.0110257140146124,457.0,382.0,1564.0,489.0,1641.0,129.0,2178.0,358.0,409.0,2.7629281715532783,0.7567342252585635,0.1526351013695164,0.044746560394724355,0.043995540373849513,0.002077774614922352,0.6778004870797357,0.34607989372805775,0.3313616092608407,0.22357971977100927,0.6547059493310561,0.0,0.3203006926653383,1735.0,0.03259322516367777,0.0,4.0,0.0,1,0,1,0.0841578947368421,0.009263157894736843,0.005631578947368421,1,3,6,0,0,1,6,0,0,1,0,0.0,0,0.0,0,0.0002631578947368421,0,0.006947368421052632,1,0.036368421052631585,,,2002,2020,19,0.9979222253850777
Udonis Haslem,hasleud01,80,235.0,1980-06-09,Florida,2004,2022,2003-10-28T00:00:00Z,False,19,NBA,MIA,PF,872,500.0,24.825688073394495,3.0493119266055047,6.230504587155964,0.4894165286213878,0.006880733944954129,0.07110091743119266,0.0967741935483871,3.0424311926605503,6.159403669724771,0.49394898529137965,0.4899687097367937,1.4162844036697249,1.8738532110091743,0.7558139534883721,1.8474770642201834,4.780963302752293,6.628440366972477,0.8405963302752294,0.48509174311926606,0.286697247706422,0.9277522935779816,2.360091743119266,7.521788990825688,21648.0,2659,5433,6.0,62.0,2653.0,5371.0,1235,1634,1611.0,4169.0,5780.0,733,423.0,250.0,809.0,2058.0,6559,0.0,12.962620103473762,0.533138719512195,0.010910338137472284,0.30058647450110865,9.004129711751663,22.388788802660752,15.823313932002955,5.402914818920917,1.0357769770879528,0.9209303399852181,11.70622228381375,15.098697339246119,23.199999999999996,27.8,50.9,0.11274852180339986,-1.4383222468588324,-0.5285153362897265,-1.9792359571322986,0.10000000000000014,6.512781781226902,13.314172209903916,0.013862712490761273,0.14546378418329636,6.498919068736141,13.170509977827052,3.035735402808573,4.007247782705099,3.9445999630450848,10.207515705838876,14.171877309682184,1.7975055432372506,1.0357769770879528,0.6213137472283814,1.979568551367332,5.049103843311161,16.09537139689579,109.4420731707317,104.40659645232816,0.0,0.0,10.561668514412418,78.62366038433112,10.927245011086475,1.84029933481153,0.3085134885439765,304.0,248.0,1020.0,141.0,662.0,201.0,1682.0,142.0,359.0,9.868514412416852,0.35363165188470064,0.09723877494456763,0.21038728750923869,0.3280254526977088,0.010910338137472284,0.6534947801182558,0.36301856984478936,0.3978431263858093,0.4090860587583149,0.7749338045084998,0.06716555801921656,0.06906919807834443,321.0,0.0882785014781966,0.013582548041389506,5.0,0.0,3,0,0,0.005263157894736842,0.0,0.019736842105263157,0,0,3,0,0,0,0,0,1,1,0,0.0,0,0.0,0,0.0004210526315789474,0,0.0013684210526315789,0,0.0004210526315789474,,,2004,2023,19,0.9890896618625278
Carmelo Anthony,anthoca01,79,238.0,1984-05-29,Syracuse,2004,2022,2003-10-29T00:00:00Z,True,19,NBA,"DEN, NYK, OKC, HOU, POR, LAL",SF,1260,1120.0,34.53492063492064,8.030952380952382,17.97063492063492,0.44689307953893037,1.3738095238095238,3.8674603174603175,0.3552226554483891,6.6571428571428575,14.103174603174603,0.4720315137872819,0.48511681314313476,5.015873015873016,6.161904761904762,0.8140133951571354,1.5738095238095238,4.623015873015873,6.196825396825397,2.715873015873016,0.9706349206349206,0.5111111111111111,2.422222222222222,2.8119047619047617,22.451587301587303,43514.0,10119,22643,1731.0,4873.0,8388.0,17770.0,6320,7764,1983.0,5825.0,7808.0,3422,1223.0,644.0,3052.0,3543.0,28289,2.0,19.48110952796801,0.5418922875396425,0.22168810038148642,0.3384436043572184,5.16277749689755,15.106115273245392,10.113225628533346,14.4366456772533,1.4196557429792713,1.2039343659511883,10.357866433791424,29.66240290481224,70.80000000000001,37.69999999999999,108.59999999999998,0.11977193546904445,2.5290802959966907,-1.1914556234775016,1.340823642965482,36.70000000000001,11.772840924759846,26.373718803143817,2.0069471894103046,5.662478742473686,9.76946499977019,20.717562163901277,7.391064944615525,9.053369030656802,2.313682952612952,6.761727260192122,9.079011352668108,3.9844900491795747,1.4196557429792713,0.7536218228616077,3.5580433883347893,4.114462012225951,32.95990945442846,107.8963092338098,108.70499149698948,0.0,2.723445327940433,62.73222411178012,32.14328721790688,2.650962908489222,1.5315369766052305,1.73873466010939,1004.0,800.0,1364.0,681.0,3140.0,149.0,7871.0,654.0,1396.0,13.277823229305513,0.28558440961529624,0.08011053913682953,0.14865332996277064,0.26432410258767297,0.22168810038148642,0.5839444086960519,0.3474706531231328,0.399180815369766,0.4155752861148137,0.42442999954037774,0.8240863400284967,0.04836459530266122,1024.0,0.12636599715034244,0.3574021234545204,45.0,0.0,0,0,10,0.0,0.12721052631578947,0.05263157894736842,0,0,0,0,2,6,13,1,1,1,0,0.023842105263157897,0,0.729,0,0.0008421052631578948,0,0.002,0,0.0,,,2004,2022,19,0.7783118996185138
LeBron James,jamesle01,81,250.0,1984-12-30,,2004,2022,2003-10-29T00:00:00Z,False,19,NBA,"CLE, MIA, CLE, LAL",SF,1366,1365.0,38.16910688140556,9.914348462664714,19.63762811127379,0.5048648648648648,1.5666178623718887,4.528550512445095,0.34594245069511803,8.347730600292826,15.109077598828696,0.5524976985319057,0.5447530288909599,5.736456808199121,7.813323572474378,0.7341890752365783,1.17203513909224,6.302342606149341,7.474377745241581,7.353587115666179,1.5636896046852122,0.7620790629575402,3.505124450951684,1.841874084919473,27.13177159590044,52139.0,13543,26825,2140.0,6186.0,11403.0,20639.0,7836,10673,1601.0,8609.0,10210.0,10045,2136.0,1041.0,4788.0,2516.0,37062,105.0,27.342371353497384,0.5878159726883906,0.22815347436659697,0.39868881259709626,3.615451005964825,18.72146953336274,11.267438961238227,36.384951763555115,2.128615815416483,1.600968564797944,13.20551794242314,31.583273557222043,173.89999999999998,75.69999999999999,249.70000000000002,0.22970348491532255,7.069356911333165,1.7978039471412954,8.848614281056408,142.6,13.40802662114732,26.57668348069583,2.0986516810832585,6.081463012332418,11.298546193828034,20.48912138706151,7.810577494773588,10.606474999520515,1.601064462302691,8.486482287730874,10.085855118049826,9.907023533247665,2.128615815416483,1.0231534935460977,4.719511306315809,2.4934463645255946,36.704867757340956,116.03647941080573,103.81930992155584,5.475977675060895,6.945875448320835,56.011392623563935,27.81058324862387,3.8001304206064557,6.805920711943076,10.910508448570168,2660.0,1148.0,940.0,517.0,4760.0,192.0,23520.0,1366.0,1006.0,12.051683001208307,0.35697773259939775,0.12274940064059531,0.09800830472391109,0.1940586700934042,0.22815347436659697,0.7356639176048639,0.4237666046529469,0.36818178330999823,0.38375235428374155,0.3490119680085924,0.49228845969427876,0.07902424288920003,2034.0,0.1352523255144901,0.38871117589520326,34.0,2.0,4,4,18,0.26447368421052636,0.8070526315789474,0.05263157894736842,5,6,13,13,16,18,19,1,1,1,4,0.46410526315789474,1,0.861,0,0.0,0,0.0058947368421052625,0,0.04663157894736842,,,2004,2025,19,0.771846525633403
Andre Iguodala,iguodan01,78,215.0,1984-01-28,Arizona,2005,2023,2004-11-03T00:00:00Z,False,19,NBA,"PHI, DEN, GSW, MIA, GSW",SF,1231,784.0,32.093419983753044,4.084484159220146,8.830219333874899,0.462557497700092,0.8781478472786353,2.662875710804224,0.32977425259304455,3.206336311941511,6.167343623070674,0.5198893572181243,0.5122815087396504,2.299756295694557,3.2445166531275387,0.7088132198297447,0.9082047116165719,4.004061738424046,4.912266450040617,4.181153533712429,1.4337936636880584,0.5142160844841592,1.8196588139723802,1.7709179528838344,11.346872461413485,39507.0,5028,10870,1081.0,3278.0,3947.0,7592.0,2831,3994,1118.0,4929.0,6047.0,5147,1765.0,633.0,2240.0,2180.0,13968,9.0,15.349464651833854,0.5554781937378186,0.3207969220644442,0.352957804945959,3.26199154580201,14.081858911079046,8.715442832915686,19.508236515047965,2.271422785835422,1.3032323385729112,15.242068494190903,16.92489179132812,51.199999999999996,49.7,100.49999999999999,0.12187895815931354,0.7689523375604324,1.3807148100336648,2.136940289062698,41.2,6.550856810185538,14.150811248639483,1.3823550256916495,4.236434049662086,5.141266104740932,9.930462955931862,3.716860303237401,5.2499962032044944,1.4433948414205078,6.375548636950415,7.815202369200394,6.65494216214848,2.271422785835422,0.8057078492419065,2.9123724909509705,2.8094945199584886,18.204976333308025,111.42141898903992,105.49560837319969,0.5337282000658111,31.226061204343534,64.135545599514,4.235502569164958,0.0295643809957729,3.925754929506164,4.074100792264662,1180.0,555.0,1167.0,180.0,1672.0,216.0,11514.0,300.0,336.0,13.711646037411091,0.3232878730351583,0.07295674184321765,0.08466276862328195,0.19818422051788287,0.3207969220644442,0.71786779558053,0.3298522793429013,0.32408028956893714,0.3808182094312401,0.5544416432530944,0.845095907054446,0.1510593312577518,1506.0,0.3283728706305211,0.3399582605614194,62.0,2.0,4,1,1,0.09926315789473684,0.0004210526315789474,0.05084210526315789,1,2,14,0,0,0,4,1,1,1,0,0.0,0,0.022,0,0.06594736842105264,0,0.0015789473684210526,0,0.013947368421052632,0,0.0,2005,2023,19,0.6792030779355557
Chris Paul,paulch01,72,175.0,1985-05-06,Wake Forest,2006,2024,2005-11-01T00:00:00Z,False,19,NBA,"NOK, NOH, LAC, HOU, OKC, PHO, GSW",PG,1272,1232.0,34.05345911949686,6.209119496855346,13.18317610062893,0.4709881328642137,1.3522012578616351,3.661949685534591,0.36925719192786605,4.8569182389937104,9.52122641509434,0.5101147716951532,0.5222732422923251,3.751572327044025,4.313679245283019,0.8696919992710042,0.5966981132075472,3.8702830188679247,4.466981132075472,9.35062893081761,2.0550314465408803,0.15723270440251572,2.330188679245283,2.3852201257861636,17.52201257861635,43316.0,7898,16769,1720.0,4658.0,6178.0,12111.0,4772,5487,759.0,4923.0,5682.0,11894,2614.0,200.0,2964.0,3034.0,22288,18.0,24.000674115800166,0.5799597146550928,0.2772617046818728,0.32813477698771815,2.024570597469757,12.928649921507064,7.489101025025395,44.57198263920952,3.11154307876997,0.3854026225874966,13.418371964170285,23.158447225043865,151.1,58.300000000000004,209.50000000000003,0.2320441869055314,4.77857835441869,2.1216086434573826,6.902689537353402,97.2,9.375251639117186,19.87778880783082,2.0058708098624067,5.451225874965371,7.3442931018561275,14.421592483147103,5.696370856034721,6.5514128728414445,0.9111967864068705,5.798510942838674,6.717074522116539,14.09576830732293,3.11154307876997,0.2354949672176563,3.5006925847261976,3.6000831101671436,26.419461630806165,122.56528765352294,105.74399759903962,97.40696278511405,2.723820297349709,0.0,0.0,0.0,6.777564872102687,9.359892418505865,1757.0,727.0,934.0,286.0,1266.0,283.0,27433.0,330.0,503.0,15.083257918552036,0.14537540400775695,0.1494610536522301,0.20817441592021424,0.21940668575122355,0.2772617046818728,0.6440118201126606,0.4942771724074245,0.48017769415458494,0.47051445193462,0.11443247298919566,0.4854171899529042,0.002661372241204174,42.0,0.10179190137593498,0.380552590266876,43.0,1.0,0,0,12,0.3050526315789474,0.3723157894736842,0.05263157894736842,7,9,18,4,9,11,16,1,1,1,0,0.09510526315789473,1,0.997,0,0.0,0,0.003473684210526316,0,0.010210526315789474,0,0.0,2006,2025,19,0.7227382953181273
Kyle Lowry,lowryky01,72,196.0,1986-03-25,Villanova,2007,2025,2006-11-01T00:00:00Z,False,19,NBA,"MEM, HOU, TOR, MIA, PHI",PG,1173,898.0,31.270247229326515,4.475703324808184,10.571184995737426,0.42338709677419356,1.8797953964194374,5.112531969309463,0.3676838419209605,2.5959079283887467,5.458653026427963,0.47555833203186004,0.5122983870967742,3.112531969309463,3.817561807331628,0.8153193389906208,0.7604433077578857,3.4688832054560956,4.229326513213981,6.052003410059676,1.277919863597613,0.29923273657289,2.2404092071611252,2.6947996589940324,13.94373401534527,36680.0,5250,12400,2205.0,5997.0,3045.0,6403.0,3651,4478,892.0,4069.0,4961.0,7099,1499.0,351.0,2628.0,3161.0,16356,21.0,17.31730098146129,0.5679395856052344,0.48368925845147226,0.3627261450381679,2.7532033805888765,12.616344056706653,7.679520174482006,29.707186477644488,2.0848964013086153,0.8141303162486369,15.628317884405666,20.67465648854962,73.5,39.1,112.5,0.147297546346783,2.069326608505998,0.6001363140676119,2.676434023991276,43.3,7.253361504907308,17.10408396946565,3.0341303162486373,8.228552344601963,4.216761177753543,8.878116139585606,5.048808615049073,6.193503271537623,1.241518538713195,5.604462922573609,6.826905670665212,9.764956379498363,2.0848964013086153,0.4838822246455834,3.6137050163576876,4.362211014176663,22.561395856052343,115.02974372955289,108.5853598691385,93.95558887677208,6.044411123227917,0.0,0.0,0.0,3.627835332606325,3.6011368593238826,1595.0,541.0,1276.0,243.0,1714.0,614.0,16359.0,347.0,723.0,16.503383315158125,0.22054972737186482,0.11824282988004362,0.06780408942202834,0.10980926935659759,0.48368925845147226,0.619731106870229,0.38495703380588875,0.3832315430752454,0.38099920937840787,0.27561390403489633,0.6860270719738277,0.00029490185387131954,2.0,0.15442031079607418,0.3975478189749182,52.0,2.0,1,0,6,0.022842105263157896,0.01831578947368421,0.0,0,0,7,0,0,1,6,0,0,0,0,0.0002631578947368421,0,0.0,0,0.00010526315789473685,0,0.008473684210526316,0,0.0002105263157894737,0,0.0,2007,2025,19,0.5163107415485279
